mask_name,sir_name,target_count,target_peak_abs_bias_db_mean,target_peak_bias_db_mean,target_peak_bias_db_median,target_peak_bias_db_std,target_sir_db
narrow,light,2397,0.0022316746697320865,0.0013083565347122524,0.0003759923285571176,0.005290593452988625,10.0
narrow,medium,2397,0.013837583148609023,0.01216706092618473,0.005259532379298548,0.025982030262797457,0.0
narrow,severe,2397,0.12397271059092053,0.12137006627232451,0.06317898113439213,0.1981779955151316,-10.0
default,light,2397,0.001951210861158897,0.0009606702712957097,0.00028361553229672154,0.004718192254344808,10.0
default,medium,2397,0.013442380705179665,0.011954588644004298,0.0038258251930827214,0.05827889088106658,0.0
default,severe,2397,0.11517761813269063,0.11265355188548794,0.04720350826850961,0.2606184908669638,-10.0
