background_energy_increase_db,clean_background_power_mean,clean_noise_floor_db_median,interfered_background_power_mean,interfered_noise_floor_db_median,mask_name,noise_floor_change_db,sir_name,target_sir_db
0.4972886524567366,43993.50170913759,45.082711680795526,49330.713472009185,45.15016402557224,narrow,0.06745234477671147,light,10.0
3.2740139863252606,43993.50170913759,45.082711680795526,93495.33242863545,45.576418491676314,narrow,0.4937068108807878,medium,0.0
10.90713962976217,43993.50170913759,45.082711680795526,542128.8189027051,47.568907540016966,narrow,2.4861958592214393,severe,-10.0
0.5306593519936788,43856.295423649855,45.04615476107886,49556.18652119476,45.11026099721447,default,0.06410623613560773,light,10.0
3.4690257394800748,43856.295423649855,45.04615476107886,97484.26411161029,45.55138633008313,default,0.5052315690042732,medium,0.0
11.20324352744359,43856.295423649855,45.04615476107886,578570.5136537222,47.63561968537652,default,2.5894649242976584,severe,-10.0
