achieved_sir_abs_error_db_mean,achieved_sir_db_mean,achieved_sir_db_std,clean_signal_power_mean,frame_count,interference_power_mean,num_interferers,sir_name,target_sir_db
2.061758171597224e-15,10.0,2.590884095470244e-15,1416.9483240425857,1500,141.6948324042586,1,light,10.0
8.90395694117535e-16,4.178752355064229e-17,1.1553655450405515e-15,1416.9483240425857,1500,1416.948324042586,2,medium,0.0
8.787045165566572e-16,-10.0,1.2727114331433544e-15,1416.9483240425857,1500,14169.483240425858,3,severe,-10.0
