background_cell_count,background_cells_mean,f1,false_alarm_count,fn_cells,fp_cells,guard_extra_bins,mid_hits,mid_n,mid_pd,overall_hits,overall_n,overall_pd,precision,recall,strong_hits,strong_n,strong_pd,target_pfa,test_measured_pfa,tp_cells,validation_threshold,weak_hits,weak_n,weak_pd
42787,70.78933333333333,0.14975699681582036,452,24915,452,2,921,979,0.940755873340143,1916,2397,0.7993324989570296,0.8317200297840656,0.0822866403919113,675,675,1.0,0.01,0.010563956341879543,2234,3.692199351870193,320,743,0.4306864064602961
42787,70.78933333333333,0.10413689750113266,50,25655,50,2,661,979,0.6751787538304392,1530,2397,0.6382978723404256,0.9676165803108808,0.05502965118420568,673,675,0.997037037037037,0.001,0.0011685792413583566,1494,5.794188158353467,196,743,0.26379542395693134
39585,65.36733333333333,0.14892902705969246,419,24931,419,4,918,979,0.9376915219611849,1910,2397,0.7968293700458907,0.8411073189230186,0.08169730008471766,675,675,1.0,0.01,0.010584817481369205,2218,3.7472010503199518,317,743,0.4266487213997308
39585,65.36733333333333,0.10368872463565999,46,25662,46,4,655,979,0.669050051072523,1523,2397,0.6353775552774301,0.9699934768427919,0.054771814799808465,673,675,0.997037037037037,0.001,0.0011620563344701277,1487,5.82605802809213,195,743,0.26244952893674295
36607,60.35933333333333,0.14807343151099456,391,24947,391,6,918,979,0.9376915219611849,1903,2397,0.7939090529828953,0.849209409949865,0.08110795977752404,675,675,1.0,0.01,0.010681017291774798,2202,3.7811705484846683,310,743,0.41722745625841184
36607,60.35933333333333,0.10337251072437485,42,25667,42,6,655,979,0.669050051072523,1522,2397,0.6349603671255737,0.9724409448818898,0.05458764595381045,673,675,0.997037037037037,0.001,0.001147321550523124,1482,5.860405460394694,194,743,0.2611036339165545
