background_cell_count,background_cells_mean,f1,false_alarm_count,fn_cells,fp_cells,guard_cells_mean,mask_name,max_radius,mid_hits,mid_n,mid_n_all,mid_pd,min_radius,overall_hits,overall_n,overall_pd,precision,projection_hit_rate,radius_scale,recall,strong_hits,strong_n,strong_n_all,strong_pd,target_background_energy_ratio_db,target_cells_mean,target_pfa,test_measured_pfa,tp_cells,validation_threshold,weak_hits,weak_n,weak_n_all,weak_pd
44596,73.738,0.20223189983669024,460,17126,460,16.661333333333335,narrow,6,718,950,2466,0.7557894736842106,1,1600,2397,0.6675010429703796,0.8289326887318705,0.9763294422827496,0.5,0.11516404029966416,682,682,1851,1.0,10.371025486791897,32.614,0.01,0.010314826441833349,2229,3.668498858658201,200,765,1851,0.26143790849673204
44596,73.738,0.14322617680826633,52,17858,52,16.661333333333335,narrow,6,499,950,2466,0.5252631578947369,1,1274,2397,0.5314977054651648,0.9664299548095545,0.9763294422827496,0.5,0.07734435546370447,679,682,1851,0.9956011730205279,10.371025486791897,32.614,0.001,0.0011660238586420307,1497,5.770577771755102,96,765,1851,0.12549019607843137
39585,65.36733333333333,0.14892902705969246,419,24931,419,12.021333333333333,default,12,918,979,2466,0.9376915219611849,2,1910,2397,0.7968293700458907,0.8411073189230186,0.9878404669260701,1.0,0.08169730008471766,675,675,1851,1.0,12.195648008598205,45.678666666666665,0.01,0.010584817481369205,2218,3.7472010503199518,317,743,1851,0.4266487213997308
39585,65.36733333333333,0.10368872463565999,46,25662,46,12.021333333333333,default,12,655,979,2466,0.669050051072523,2,1523,2397,0.6353775552774301,0.9699934768427919,0.9878404669260701,1.0,0.054771814799808465,673,675,1851,0.997037037037037,12.195648008598205,45.678666666666665,0.001,0.0011620563344701277,1487,5.82605802809213,195,743,1851,0.26244952893674295
34883,57.402,0.12678741658722595,377,30767,377,10.514,wide,18,953,987,2468,0.9655521783181358,3,1982,2397,0.8268669169795578,0.8570887035633056,0.9894617380025941,1.5,0.06845706673125833,670,670,1849,1.0,12.331667560206327,55.64533333333333,0.01,0.010807556689504916,2261,3.734722996450795,359,740,1851,0.4851351351351351
34883,57.402,0.0858995137763371,40,31544,40,10.514,wide,18,737,987,2468,0.7467071935157041,3,1633,2397,0.6812682519816438,0.973753280839895,0.9894617380025941,1.5,0.04493157321060918,668,670,1849,0.9970149253731343,12.331667560206327,55.64533333333333,0.001,0.0011466903649342086,1484,5.884550768860096,228,740,1851,0.3081081081081081
