background_cell_count,bootstrap_pfa_ci_high,bootstrap_pfa_ci_low,bootstrap_pfa_std,false_alarm_count,frame_level_pfa_mean,frame_level_pfa_std,measured_pfa,target_pfa,validation_threshold
39585,0.011631840005737117,0.009513249759694965,0.000535074709298985,419,0.009698924084892728,0.012875952255697992,0.010584817481369205,0.01,3.7472010503199518
39585,0.0014844493676140285,0.0008217155856254566,0.00017366781147673497,46,0.0010129854247137463,0.003915693240107431,0.0011620563344701277,0.001,5.82605802809213
