{
  "split_definition": "frozen_clean_peak_overlap_aware",
  "threshold_source": "train split only",
  "train_target_peak_db_q30_weak_threshold": 50.59374745245401,
  "train_target_peak_db_q70_strong_threshold": 57.92325790895632,
  "train_target_count_for_threshold": 226,
  "weak_candidate_count_all_frames": 462,
  "overlap_filtered_weak_candidate_count_all_frames": 58,
  "threshold_leakage": false,
  "used_test_clean_map_property_for_threshold": false,
  "repair_rule": "clean_peak <= train q30, then remove stronger-overlap/range-bin-conflict/nearest<2-bin weak candidates to mid",
  "counts": {
    "train": {
      "weak_n": 56,
      "mid_n": 102,
      "strong_n": 68
    },
    "val": {
      "weak_n": 64,
      "mid_n": 91,
      "strong_n": 80,
      "target_n": 235
    },
    "test": {
      "weak_n": 62,
      "mid_n": 86,
      "strong_n": 87,
      "target_n": 235
    }
  },
  "dataset": "G:\\mineru_output\\gao_77ghz_raw_adc\\subset_d1a_v1",
  "train_frames": [
    1,
    3,
    10,
    20,
    21,
    27,
    30,
    32,
    34,
    41,
    46,
    50,
    56,
    58,
    62,
    71,
    73,
    77,
    78,
    85,
    89,
    93,
    94,
    99,
    107,
    114,
    127,
    129,
    137,
    140,
    142,
    147,
    152,
    155,
    164,
    165,
    166,
    182,
    188,
    197,
    198,
    212,
    215,
    217,
    219,
    220,
    222,
    223,
    224,
    230,
    236,
    237,
    257,
    258,
    261,
    269,
    276,
    277,
    279,
    281,
    283,
    286,
    287,
    292,
    294,
    301,
    303,
    305,
    320,
    324,
    328,
    330,
    333,
    340,
    349,
    354,
    361,
    365,
    375,
    377,
    378,
    380,
    381,
    395,
    398,
    408,
    411,
    420,
    423,
    425,
    439,
    441,
    464,
    473,
    474,
    487
  ],
  "val_frames": [
    0,
    7,
    12,
    14,
    16,
    17,
    18,
    22,
    25,
    29,
    31,
    33,
    37,
    38,
    39,
    42,
    44,
    47,
    51,
    54,
    57,
    59,
    60,
    64,
    65,
    67,
    68,
    69,
    72,
    80,
    81,
    87,
    96,
    101,
    102,
    104,
    111,
    116,
    120,
    121,
    122,
    123,
    130,
    132,
    133,
    134,
    135,
    136,
    138,
    144,
    150,
    151,
    154,
    156,
    157,
    158,
    159,
    161,
    163,
    172,
    173,
    175,
    177,
    180,
    181,
    184,
    185,
    187,
    189,
    193,
    196,
    199,
    202,
    204,
    208,
    210,
    213,
    216,
    218,
    221,
    225,
    226,
    227,
    228,
    229,
    232,
    234,
    238,
    239,
    240,
    241,
    244,
    245,
    246,
    247,
    250
  ],
  "test_frames": [
    2,
    4,
    5,
    6,
    8,
    9,
    11,
    13,
    15,
    19,
    23,
    24,
    26,
    28,
    35,
    36,
    40,
    43,
    45,
    48,
    49,
    52,
    53,
    55,
    61,
    63,
    66,
    70,
    74,
    75,
    76,
    79,
    82,
    83,
    84,
    86,
    88,
    90,
    91,
    92,
    95,
    97,
    98,
    100,
    103,
    105,
    106,
    108,
    109,
    110,
    112,
    113,
    115,
    117,
    118,
    119,
    124,
    125,
    126,
    128,
    131,
    139,
    141,
    143,
    145,
    146,
    148,
    149,
    153,
    160,
    162,
    167,
    168,
    169,
    170,
    171,
    174,
    176,
    178,
    179,
    183,
    186,
    190,
    191,
    192,
    194,
    195,
    200,
    201,
    203,
    205,
    206,
    207,
    209,
    211,
    214
  ]
}